listing_id;site_basligi_tr;site_basligi_en;simdiki_fiyat;durum;CSV_SKU_buraya_yazin
4563585853;Amigurumi Siyah Tavşan – Cadılar Bayramı Süsü;Black Bunny Plush, Crochet Halloween Decor, Gothic Amigurumi Rabbit, Creepy Stuffed Gift;3245;eslesme yok;
4495940645;Amigurumi Örgü Fil Oyuncak – El Yapımı Hediye;Crochet Elephant Baby Set — Handmade Amigurumi Plush Toy & Nursery Decor;2911;eslesme yok;
4519423767;Amigurumi Örgü Kaplan Oyuncak – El Yapımı Hediye;Crochet Tiger Plush — Handmade Amigurumi Stuffed Animal, Woodland Nursery Decor;3134;eslesme yok;
4563533011;Amigurumi Koala Uyku Arkadaşı – İsme Özel;Koala Lovey with Name Embroidery, Personalized Crochet Snuggler, Custom Baby Comforter;3399;eslesme yok;
4562961011;Amigurumi Ördek Sarılma Oyuncağı – İsme Özel;Personalized Lovey with Name, Crochet Duck Snuggler, Custom Baby Comforter;3245;eslesme yok;
4555669758;Örgü Bebek Başörtülü – Seccadeli Bayram Hediyesi;Muslim Doll with Hijab and Prayer Rug, Personalized Crochet Hijabi Toy, Eid Gift Baby;3499;eslesme yok;
4527315673;Amigurumi Örgü Zürafa Oyuncak – Kişiye Özel Hediye;Personalized Crochet Giraffe with Name — Handmade Amigurumi Stuffed Animal, Custom Baby Shower Gift;999;eslesme yok;
4562943650;Amigurumi Balkabağı Kedi – Cadılar Bayramı Süsü;Crochet Pumpkin Cat, Handmade Amigurumi Halloween Decor, Jack o Lantern Plush;2450;eslesme yok;
4561076215;Örgü Perde Tutacağı Safari – Bebek Odası Süsü;Crochet Curtain Tieback with Safari Animals, Nursery Window Decor, Baby Shower Gift;3049;eslesme yok;
4492820139;Amigurumi Kıyafetli Tavşan Oyuncak – El Yapımı Hediye;Crochet Bunny Doll with Removable Clothes — Handmade Amigurumi Plush, Baby Shower Gift & Nursery Toy;3200;eslesme yok;
4559865588;Örgü Bebek Nakışlı – İsme Özel Doğum Günü Hediyesi;Personalized Crochet Doll with Name Embroidery, Custom Amigurumi Keepsake, Birthday Gift for Girls;3299;eslesme yok;
4500186641;Amigurumi Örgü Ejderha Uyku Arkadaşı – El Yapımı Hediye;Crochet Dragon Plush — Handmade Amigurumi Toy, Baby Gift & Nursery Decor;1500;eslesme yok;
4557864793;Örgü Tavşan Hediye Seti – Kız Bebek Patik ve Çıngırak;Crochet Bunny Gift Set for Baby Girl, Rabbit with Booties and Rattle, Newborn Keepsake;850;eslesme yok;
4511782866;Amigurumi Safari Ayıcık Oyuncak – Kişiye Özel Hediye;Personalized Crochet Teddy Bear with Name — Handmade Amigurumi Plush, Safari Nursery Decor & Baby Gift;2460;eslesme yok;
4489515776;Amigurumi Tavşan Oyuncak – İsme Özel Bebek Hediyesi;Personalized Crochet Bunny Doll with Name — Handmade Amigurumi Plush Toy, Baby Shower Gift & Nursery Decor;3000;eslesme yok;
4485801447;Amigurumi Tavşan Perde Tutucu – Bebek Odası Dekorasyonu;Crochet Bunny Curtain Tieback — Handmade Amigurumi Nursery Decor for Kids Room;1450;eslesme yok;
4555620979;Amigurumi Cadı Bebek Mor Saçlı – Koleksiyonluk;Crochet Witch Doll with Purple Hair, Amigurumi Halloween Art Doll, Handmade Collectible Gift;3199;eslesme yok;
4555255371;Amigurumi Palyaço Bebek – Cadılar Bayramı Süsü;Crochet Clown Doll, Handmade Halloween Decor, One of a Kind Posable;4899;eslesme yok;
4504917829;Amigurumi Örgü Zürafa Uyku Arkadaşı – El Yapımı Hediye;Crochet Giraffe Plush Toy — Handmade Amigurumi Stuffed Animal, Nursery Decor & Baby Gift;999;eslesme yok;
4553182788;Örgü Tavşan Kalpli – Kadife Paskalya Hediyesi;Crochet Bunny Plush with Hearts, Soft Velvet Stuffed Rabbit, Easter Basket Stuffer Gift;2890;eslesme yok;
4484790995;Amigurumi Örgü Ayıcık Uyku Arkadaşı – El Yapımı Hediye;Handmade Crochet Teddy Bear 24 cm — Soft Newborn-Friendly Amigurumi, Baby Comfort Toy & Nursery Decor;999;eslesme yok;
4517600647;Amigurumi Örgü Penguen Oyuncak – Kişiye Özel Hediye;Personalized Crochet Penguin Plush with Name — Handmade Amigurumi Stuffed Animal, Baby Gift;2199;eslesme yok;
4523466332;Amigurumi Safari Aslan Uyku Arkadaşı – El Yapımı Hediye;Crochet Lion Plush Toy — Handmade Amigurumi Stuffed Animal, Safari Nursery Decor & Baby Shower Gift;1499;eslesme yok;
4524504900;Amigurumi Örgü Flamingo Oyuncak – El Yapımı Hediye;Crochet Flamingo Plush — Handmade Amigurumi Bird, Baby Girl Nursery Decor & Baby Shower Gift;1499;eslesme yok;
4547433923;Örgü Bebek Kız – İsme Özel Pamuk Sarılma Oyuncağı;Personalized Crochet Doll Girl, Custom Cuddle Keepsake, Soft Cotton Handmade Baby Gift;2665;eslesme yok;
4499665986;Amigurumi Örgü Bebek – İsimli Kişiye Özel Hediye;Personalized Crochet Doll — Custom Amigurumi Girl, Handmade Cotton Nursery Toy & Baby Gift;2643;eslesme yok;
4533378792;Amigurumi Safari Aslan Oyuncak – Kişiye Özel Hediye;Personalized Crochet Lion Plush with Name — Handmade Amigurumi Animal, Safari Nursery Decor;999;eslesme yok;
4546169921;Örgü Balkabağı Şeker Çantası – Cadılar Bayramı Sepeti;Crochet Pumpkin Candy Bag for Kids, Handmade Halloween Trick or Treat Basket;1920;eslesme yok;
4513844340;Amigurumi Kadife Ördek Uyku Arkadaşı – El Yapımı Hediye;Crochet Duck Plush — Handmade Amigurumi Toy, Soft Velvet Baby Nursery Decor & Gift;2465;eslesme yok;
4544893461;Amigurumi Balkabağı Adam – Cadılar Bayramı Raf Süsü;Crochet Pumpkin Man with Witch Hat, Amigurumi Halloween Shelf Sitter Plush;2500;eslesme yok;
4544857341;Amigurumi Balkabağı Cadı Şapkalı – Sonbahar Masa Süsü;Crochet Pumpkin with Witch Hat, Amigurumi Fall Table Centerpiece, Handmade Halloween Decor Shelf Sitter;2550;eslesme yok;
4543548472;Amigurumi Zürafa Oyuncak 30 cm – 4 Renk Seçenekli;Crochet Giraffe Plush 12 inch in 4 Colors, Cotton Safari Keepsake Gift for Baby;2625;eslesme yok;
4542636353;Örgü Tavşan ve Çıngırak Seti – İsme Özel Yeni Doğan;Personalized Crochet Bunny and Baby Rattle Set, Embroidered Name Keepsake for Newborn;1975;eslesme yok;
4541998325;Amigurumi Ayıcık 30 cm – İsme Özel Bebek Hediyesi;Crochet Teddy Bear Plush, Personalized Baby Gift with Name- 12 inch Amigurumi Bear;2444;eslesme yok;
4541410815;Amigurumi Ayıcık 30 cm – Kız Bebek Odası Dekorasyonu;Crochet Teddy Bear Plush, 12 inch Personalized Amigurumi Toy - Baby Girl Nursery Decor;1400;eslesme yok;
4511067258;Amigurumi Elbiseli Tavşan Oyuncak – Kişiye Özel Hediye;Personalized Crochet Bunny Doll with Name — Removable Dress Amigurumi Rabbit, Baby Girl Gift;1400;eslesme yok;
4540831479;Amigurumi Palyaço Bebek – Retro Gökkuşağı Oda Süsü;Crochet Clown Doll, Personalized Circus Stuffed Animal, Amigurumi Toy, Retro Rainbow Nursery Decor;1500;eslesme yok;
4540340465;Amigurumi Ayıcık Hediye Kutusu – Kişiye Özel Hatıra;Personalized Crochet Teddy Bear Gift Box, Handmade Keepsake Set, Custom Newborn Nursery Decor;1500;eslesme yok;
4516530670;Amigurumi Örgü Tavşan Oyuncak – Kişiye Özel Hediye;Personalized Crochet Bunny Plush with Name — Amigurumi Rabbit Nursery Decor, Baby Gift;1350;eslesme yok;
4539358910;Amigurumi Atkılı Köpek Uyku Arkadaşı – Kişiye Özel Hediye;Crochet Puppy Stuffed Animal with Scarf, Personalized Dog Doll, Amigurumi Toy, Boho Nursery Decor;1600;eslesme yok;
4539288575;Amigurumi Tulumlu Kuzu Uyku Arkadaşı – Kişiye Özel Hediye;Crochet Lamb Stuffed Animal in Overalls, Personalized Sheep Doll, Amigurumi Toy, Boho Nursery Decor;1450;eslesme yok;
4538311709;Amigurumi İsimli Ayıcık Uyku Arkadaşı – Kişiye Özel Hediye;Personalized Crochet Teddy Bear with Name — Handmade Amigurumi Plush Toy, Baby Shower & Nursery Gift;1400;eslesme yok;
4537080531;Amigurumi Safari Zürafa Uyku Arkadaşı – Kişiye Özel Hediye;Personalized Crochet Giraffe with Name — Handmade Amigurumi Stuffed Animal, Safari Nursery Baby Shower Gift;1250;eslesme yok;
4535234770;Amigurumi Elbiseli Tavşan Uyku Arkadaşı – Kişiye Özel Hediye;Crochet Bunny Doll in Dress — Handmade Amigurumi Rabbit, Personalized Baby Girl Gift;1400;eslesme yok;
4535862079;Amigurumi Örgü Geyik Uyku Arkadaşı – El Yapımı Hediye;Crochet Deer Stuffed Animal — Handmade Woodland Amigurumi Toy, Baby Shower Gift for Woodland Nursery;1499;eslesme yok;
4535218973;Amigurumi Örgü Unicorn Uyku Arkadaşı – El Yapımı Hediye;Crochet Unicorn Plush — Handmade Amigurumi Stuffed Toy, Baby Girl Gift for Nursery;1045;eslesme yok;
4534402337;Amigurumi Örgü Tavşan Oyuncak – Yeni Doğan Hediyesi;Personalized Crochet Bunny Doll with Name — Handmade Amigurumi Rabbit Plush, Baby Nursery Decor;700;eslesme yok;
4497297061;Amigurumi Can Simitli Kurbağa Oyuncak – El Yapımı Hediye;Crochet Frog Plush with Swim Ring — Handmade Amigurumi Toy, Newborn Gift & Nursery Decor for Kids;1500;eslesme yok;
4532541531;Örgü İnci Hasır Çanta – Zincir Askılı Abiye Çanta;Pearl Straw Shoulder Bag — Handmade Crochet Paper Yarn Purse, Gold Chain Evening Bag;1499;eslesme yok;
4512820379;Amigurumi Fiyonklu Unicorn Oyuncak – Kız Çocuk Hediyesi;Crochet Unicorn Doll — Handmade Amigurumi Girl, Rainbow Nursery Decor & Kids Gift;1399;eslesme yok;
4531514850;Örgü Yuvarlak Hasır Çanta – Deri Saplı Plaj Çantası;Round Straw Tote Bag — Handmade Crochet Paper Yarn Purse, Leather Handle Beach Bag;1999;eslesme yok;
4530907192;Örgü Portföy Çanta – El Yapımı Yazlık Abiye Çanta;Crochet Clutch Purse — Handmade Woven Straw Style Handbag for Summer Evenings;1399;eslesme yok;
4530376076;Örgü Hasır Çanta – Dantel Fiyonklu Askılı Çanta;Brown Straw Tote Bag — Handmade Woven Purse, Lace Bow Crossbody Bag for Women;1699;eslesme yok;
4529682282;Amigurumi Örgü Kanguru Oyuncak – El Yapımı Hediye;Crochet Kangaroo Mom & Baby Plush — Handmade Amigurumi Stuffed Toy, Newborn Baby Shower Gift;2650;eslesme yok;
4528349481;Örgü Hobo Omuz Çantası – El Yapımı Kağıt İp Çanta;Crochet Shoulder Bag — Handmade Paper Yarn Hobo Bag, Boho Tote for Women;1499;eslesme yok;
4527854128;Amigurumi Örgü Robot Oyuncak – Kişiye Özel Hediye;Personalized Crochet Robot Toy with Name — Handmade Amigurumi Plush, Custom Gift for Kids;1499;eslesme yok;
4526751350;Amigurumi Ördek Uyku Arkadaşı – Bebek Partisi Hediyesi;Crochet Chick Plush Toy — Handmade Amigurumi Duck, Easter Basket & Baby Shower Gift for Kids;2800;eslesme yok;
4525952683;Amigurumi Örgü Kuzu Uyku Arkadaşı – El Yapımı Hediye;Crochet Sheep Stuffed Animal — Handmade Amigurumi Lamb Toy, Baby Shower Gift & Nursery Decor;1199;eslesme yok;
4525062987;Amigurumi Örgü İnek Oyuncak – El Yapımı Hediye;Crochet Cow Plush Toy — Handmade Amigurumi Farm Animal, Baby Shower Gift & Nursery Keepsake;1199;eslesme yok;
4524655805;Amigurumi Örgü Ördek Uyku Arkadaşı – Kişiye Özel Hediye;Personalized Crochet Duck Plush with Name — Handmade Amigurumi Toy, Custom Baby Girl Gift;2150;eslesme yok;
4524545901;Amigurumi Örgü Bebek Karnaval – El Yapımı Hediye;Crochet Carnival Doll — Handmade Amigurumi Toy, Boho Nursery Decor & Baby Girl Gift;1699;eslesme yok;
4524003307;Amigurumi Örgü Bebek Kek Temalı – El Yapımı Hediye;Crochet Cupcake Doll — Handmade Amigurumi Plush Toy for Baby Girls, Nursery Decor & Baby Shower Gift;1599;eslesme yok;
4523990319;Amigurumi Örgü Bebek Mavi Elbiseli – Kişiye Özel Hediye;Personalized Crochet Doll with Name — Blue Spring Girl Amigurumi Plush, Handmade Nursery & Baby Gift;1499;eslesme yok;
4520625367;Amigurumi Civcivli Tavşan Oyuncak – Kişiye Özel Hediye;Crochet Bunny Plush with Chick — Personalized Amigurumi Rabbit, Handmade Baby Gift;2250;eslesme yok;
4520179107;Amigurumi Safari Zürafa Uyku Arkadaşı – Bebek Hediyesi;Crochet Giraffe Plush — Handmade Safari Nursery Decor, Baby Keepsake Gift;2465;eslesme yok;
4519201572;Amigurumi Örgü Tavşan Uyku Arkadaşı – Kişiye Özel Hediye;Personalized Crochet Bunny Plush with Name — Handmade Amigurumi Rabbit, Baby Gift;2500;eslesme yok;
4519043738;Amigurumi Örgü Bebek Kirazlı – Kişiye Özel Hediye;Personalized Cherry Crochet Doll — Handmade Cotton Amigurumi Girl, Baby Shower Gift;2500;eslesme yok;
4518107346;Örgü Papatya Toka Seti – Kız Çocuk Saç Aksesuarı;Daisy Crochet Hair Clips Set — Handmade Floral Headband Accessories, Girl Baby Shower Gift;200;eslesme yok;
4515727881;Amigurumi Örgü Ördek Uyku Arkadaşı – Yeni Doğan Hediyesi;Crochet Duck Plush Doll — Handmade Amigurumi Toy, Baby Shower & Nursery Gift;2817;eslesme yok;
4515072822;Amigurumi Şapkalı Ördek Uyku Arkadaşı – El Yapımı Hediye;Crochet Duck Doll with Frog Hat — Handmade Amigurumi Plush, Nursery Decor & Baby Gift;2550;eslesme yok;
4515060400;Amigurumi Örgü Tavşan Uyku Arkadaşı – El Yapımı Hediye;Crochet Bunny Plush — Handmade Amigurumi Rabbit Doll, Baby Nursery Decor & Newborn Gift;2728;eslesme yok;
4514719017;Amigurumi Fiyonklu Unicorn Uyku Arkadaşı – El Yapımı Hediye;Crochet Unicorn Plush — Handmade Amigurumi Toy, Rainbow Nursery Decor & Baby Gift;2550;eslesme yok;
4514579981;Amigurumi Çilekli Tavşan Uyku Arkadaşı – El Yapımı Hediye;Crochet Strawberry Bunny — Handmade Amigurumi Rabbit Plush, Nursery Decor & Baby Shower Gift;2371;eslesme yok;
4514513206;Amigurumi Örgü Kurbağa Uyku Arkadaşı – El Yapımı Hediye;Crochet Frog Plush — Handmade Amigurumi Toy, Nursery Decor & Baby Shower Gift;2550;eslesme yok;
4512243128;Amigurumi Örgü Ördek Oyuncak – Kişiye Özel Hediye;Personalized Crochet Duck Plush — Handmade Amigurumi Baby Gift with Name, Nursery Decor;2460;eslesme yok;
4511433912;Amigurumi Örgü Tavşan Oyuncak – Bebek Odası Hediyesi;Personalized Crochet Bunny Plush with Name — Handmade Rabbit Nursery Decor & Baby Gift;2460;eslesme yok;
4510244060;Örgü Bebek Amigurumi – İsme Özel Bebek Partisi Hediyesi;Personalized Crochet Doll with Name — Handmade Amigurumi Girl Plush, Baby Shower & Nursery Gift;2733;eslesme yok;
4509235710;Amigurumi Ayçiçeği Perde Tutucu – El Yapımı Ev Dekoru;Crochet Sunflower Curtain Tieback — Handmade Boho Curtain Holder, Cozy Home Decor;2371;eslesme yok;
4508296838;Amigurumi Örgü Baykuş Uyku Arkadaşı – El Yapımı Hediye;Crochet Owl Plush — Handmade Amigurumi Woodland Bird, Nursery Decor & Baby Gift;1399;eslesme yok;
4507106725;Amigurumi Kuzu Perde Tutucu – Bebek Odası Dekorasyonu;Crochet Sheep Curtain Tiebacks — Handmade Nursery Decor Curtain Holder Set for Baby Room;2639;eslesme yok;
4504296336;Örgü Gelin Damat Amigurumi – Kişiye Özel Düğün Hediyesi;Personalized Crochet Bride & Groom Dolls — Custom Handmade Wedding Gift & Couple Keepsake;6600;eslesme yok;
4503246967;Amigurumi Örgü Kaplumbağa Oyuncak – Kişiye Özel Hediye;Personalized Crochet Turtle Plushie — Handmade Amigurumi Toy with Name, Nursery Decor & Baby Gift;2460;eslesme yok;
4502597893;Amigurumi Örgü Köpek Uyku Arkadaşı – El Yapımı Hediye;Crochet Puppy Plush Toy — Handmade Knitted Dog, Soft Baby Nursery Decor & Gift;2812;eslesme yok;
4499864470;Amigurumi İsimli Ördek Oyuncak – Kişiye Özel Hediye;Personalized Crochet Duck Toy with Name — Handmade Amigurumi Doll, Baby Gift & Nursery Decor;2550;eslesme yok;
4499698392;Amigurumi Örgü Bebek – Kişiye Özel Kız Bebek Hediyesi;Personalized Crochet Doll with Name — Handmade Amigurumi Girl Doll, Baby Shower Gift & Nursery Decor;2867;eslesme yok;
4499121882;Amigurumi Örgü Zürafa Oyuncak – El Yapımı Hediye;Crochet Giraffe Plush Toy — Handmade Amigurumi Doll, Nursery Decor & Baby Shower Gift;2599;eslesme yok;
4498614376;Amigurumi Örgü Koala Uyku Arkadaşı – El Yapımı Hediye;Crochet Koala Plush Toy — Handmade Amigurumi Doll, Soft Cotton Baby Toy & Nursery Decor;2595;eslesme yok;
4498301661;Amigurumi Örgü Kedi Uyku Arkadaşı – El Yapımı Hediye;Crochet Cat Plush Toy — Handmade Amigurumi Animal Doll, Soft Yarn Baby Toy & Nursery Decor;2595;eslesme yok;
4495540024;Amigurumi Örgü Civciv Oyuncak – El Yapımı Hediye;Crochet Chick Plush Toy — Handmade Amigurumi Baby Toy, Newborn Gift & Nursery Decor;2800;eslesme yok;
4545451153;Amigurumi Cadı Bebek Mor Saçlı – Cadılar Bayramı Süsü;Crochet Witch Doll with Purple Hair, Amigurumi Halloween Art Doll, Handmade Collectible Gift;3670;eslesme yok;
4511436897;Amigurumi 2'li Tavşan Oyuncak – El Yapımı Hediye;Crochet Bunny Plush Set — Handmade Amigurumi Rabbit, Nursery Decor & Baby Shower Gift;3790;eslesme yok;
4484829378;Amigurumi Örgü Bebek %100 Pamuk – El Yapımı Hediye;Handmade Crochet Doll — 100% Cotton Amigurumi Plush Toy, Nursery Decor & Baby Gift;3100;eslesme yok;
4517865727;Örgü Toka – Tavşan, Meyve ve Çiçek Saç Tokası;Crochet Hair Clips Set — Handmade Toddler Hair Accessories, Floral Fruit Mushroom Barrettes;483;CSV tedarik fiyati 0 (HAIR-01);
4546669234;Örgü Bebek Başörtülü – İsme Özel Bayram Hediyesi;Personalized Crochet Muslim Doll with Hijab, Custom Cuddle Keepsake, Cotton Eid Gift;2280;CSV tedarik fiyati 0 (P-DOLL-06);
4518319834;Örgü Kiraz Toka – Bebek Partisi Hediyesi;Crochet Cherry Hair Clips — Handmade Baby Shower Favors, Personalized Party Gifts;200;CSV tedarik fiyati 0 (P-CHRY-02);
